{
	"schemaVersion": 1,
	"id": "shinobi-forgotten-tales",
	"version": "${version}",
	"name": "Shinobi: Forgotten Tales",
	"description": "This is an example description! Tell everyone what your mod is about!",
	"authors": [
		"Me!"
	],
	"contact": {
		"homepage": "https://fabricmc.net/",
		"sources": "https://github.com/FabricMC/fabric-example-mod"
	},
	"license": "CC0-1.0",
	"icon": "assets/shinobi-forgotten-tales/icon.png",
	"environment": "*",
	"entrypoints": {
		"main": [
			"bekanius.mod.ShinobiForgottenTales"
		],
		"fabric-datagen": [
			"bekanius.mod.ShinobiForgottenTalesDataGenerator"
		]
	},
	"mixins": [
		"shinobi-forgotten-tales.mixins.json"
	],
	"depends": {
		"fabricloader": ">=0.17.3",
		"minecraft": "~1.21",
		"java": ">=21",
		"fabric-api": "*"
	},
	"suggests": {
		"another-mod": "*"
	}
}